,categories
0,"[{'alias': 'sushi', 'title': 'Sushi Bars'}, {'alias': 'japanese', 'title': 'Japanese'}]"
1,"[{'alias': 'lounges', 'title': 'Lounges'}, {'alias': 'cocktailbars', 'title': 'Cocktail Bars'}]"
3,"[{'alias': 'vietnamese', 'title': 'Vietnamese'}]"
14,"[{'alias': 'sushi', 'title': 'Sushi Bars'}]"
37,"[{'alias': 'breakfast_brunch', 'title': 'Breakfast & Brunch'}, {'alias': 'bakeries', 'title': 'Bakeries'}]"
49,"[{'alias': 'mongolian', 'title': 'Mongolian'}, {'alias': 'chinese', 'title': 'Chinese'}, {'alias': 'bbq', 'title': 'Barbeque'}]"
61,"[{'alias': 'vietnamese', 'title': 'Vietnamese'}]"
72,"[{'alias': 'cafes', 'title': 'Cafes'}, {'alias': 'galleries', 'title': 'Art Galleries'}]"
83,"[{'alias': 'pizza', 'title': 'Pizza'}]"
107,"[{'alias': 'hotdogs', 'title': 'Fast Food'}]"
120,"[{'alias': 'pizza', 'title': 'Pizza'}, {'alias': 'italian', 'title': 'Italian'}, {'alias': 'chicken_wings', 'title': 'Chicken Wings'}]"
121,"[{'alias': 'pubs', 'title': 'Pubs'}, {'alias': 'sportsbars', 'title': 'Sports Bars'}]"
136,"[{'alias': 'sushi', 'title': 'Sushi Bars'}, {'alias': 'korean', 'title': 'Korean'}, {'alias': 'asianfusion', 'title': 'Asian Fusion'}]"
178,"[{'alias': 'chinese', 'title': 'Chinese'}]"
268,"[{'alias': 'lounges', 'title': 'Lounges'}]"
316,"[{'alias': 'tikibars', 'title': 'Tiki Bars'}]"
347,"[{'alias': 'coffee', 'title': 'Coffee & Tea'}]"
389,"[{'alias': 'steak', 'title': 'Steakhouses'}, {'alias': 'bars', 'title': 'Bars'}]"
430,"[{'alias': 'vietnamese', 'title': 'Vietnamese'}, {'alias': 'thai', 'title': 'Thai'}]"
538,"[{'alias': 'thai', 'title': 'Thai'}]"
596,"[{'alias': 'catering', 'title': 'Caterers'}, {'alias': 'italian', 'title': 'Italian'}, {'alias': 'pizza', 'title': 'Pizza'}]"
647,"[{'alias': 'sushi', 'title': 'Sushi Bars'}]"
658,"[{'alias': 'bars', 'title': 'Bars'}]"
680,"[{'alias': 'mideastern', 'title': 'Middle Eastern'}]"
691,"[{'alias': 'newcanadian', 'title': 'Canadian (New)'}]"
724,"[{'alias': 'persian', 'title': 'Persian/Iranian'}]"
736,"[{'alias': 'hotdogs', 'title': 'Fast Food'}]"
747,"[{'alias': 'mexican', 'title': 'Mexican'}]"
769,"[{'alias': 'comfortfood', 'title': 'Comfort Food'}, {'alias': 'steak', 'title': 'Steakhouses'}, {'alias': 'newcanadian', 'title': 'Canadian (New)'}]"
780,"[{'alias': 'filipino', 'title': 'Filipino'}]"
791,"[{'alias': 'sushi', 'title': 'Sushi Bars'}, {'alias': 'japanese', 'title': 'Japanese'}, {'alias': 'asianfusion', 'title': 'Asian Fusion'}]"
802,"[{'alias': 'mexican', 'title': 'Mexican'}]"
835,"[{'alias': 'salvadoran', 'title': 'Salvadoran'}]"
836,"[{'alias': 'french', 'title': 'French'}]"
884,"[{'alias': 'caribbean', 'title': 'Caribbean'}, {'alias': 'breakfast_brunch', 'title': 'Breakfast & Brunch'}, {'alias': 'asianfusion', 'title': 'Asian Fusion'}]"
924,"[{'alias': 'sandwiches', 'title': 'Sandwiches'}]"
967,"[{'alias': 'portuguese', 'title': 'Portuguese'}]"
1001,"[{'alias': 'chinese', 'title': 'Chinese'}]"
1037,"[{'alias': 'pizza', 'title': 'Pizza'}, {'alias': 'italian', 'title': 'Italian'}]"
1087,"[{'alias': 'indpak', 'title': 'Indian'}]"
1115,"[{'alias': 'burgers', 'title': 'Burgers'}, {'alias': 'hotdogs', 'title': 'Fast Food'}]"
1140,"[{'alias': 'thai', 'title': 'Thai'}]"
1173,"[{'alias': 'pubs', 'title': 'Pubs'}]"
1190,"[{'alias': 'japanese', 'title': 'Japanese'}]"
1201,"[{'alias': 'pizza', 'title': 'Pizza'}, {'alias': 'italian', 'title': 'Italian'}, {'alias': 'sandwiches', 'title': 'Sandwiches'}]"
1211,"[{'alias': 'portuguese', 'title': 'Portuguese'}, {'alias': 'convenience', 'title': 'Convenience Stores'}]"
1222,"[{'alias': 'wine_bars', 'title': 'Wine Bars'}, {'alias': 'italian', 'title': 'Italian'}]"
1233,"[{'alias': 'argentine', 'title': 'Argentine'}]"
1244,"[{'alias': 'sandwiches', 'title': 'Sandwiches'}, {'alias': 'hotdogs', 'title': 'Fast Food'}]"
1254,"[{'alias': 'foodtrucks', 'title': 'Food Trucks'}, {'alias': 'breakfast_brunch', 'title': 'Breakfast & Brunch'}, {'alias': 'newcanadian', 'title': 'Canadian (New)'}]"
1265,"[{'alias': 'cafes', 'title': 'Cafes'}]"
1273,"[{'alias': 'hotdogs', 'title': 'Fast Food'}, {'alias': 'burgers', 'title': 'Burgers'}]"
1274,"[{'alias': 'mexican', 'title': 'Mexican'}]"
1284,"[{'alias': 'bars', 'title': 'Bars'}]"
1336,"[{'alias': 'mediterranean', 'title': 'Mediterranean'}, {'alias': 'turkish', 'title': 'Turkish'}]"
1403,"[{'alias': 'pizza', 'title': 'Pizza'}, {'alias': 'italian', 'title': 'Italian'}]"
1513,"[{'alias': 'diners', 'title': 'Diners'}]"
1616,"[{'alias': 'coffee', 'title': 'Coffee & Tea'}]"
1722,"[{'alias': 'parks', 'title': 'Parks'}]"
1775,"[{'alias': 'coffee', 'title': 'Coffee & Tea'}, {'alias': 'bakeries', 'title': 'Bakeries'}]"
1776,"[{'alias': 'french', 'title': 'French'}]"
1829,"[{'alias': 'sportsbars', 'title': 'Sports Bars'}, {'alias': 'karaoke', 'title': 'Karaoke'}, {'alias': 'musicvenues', 'title': 'Music Venues'}]"
1880,"[{'alias': 'diners', 'title': 'Diners'}]"
1916,"[{'alias': 'parks', 'title': 'Parks'}, {'alias': 'playgrounds', 'title': 'Playgrounds'}]"
1941,"[{'alias': 'mexican', 'title': 'Mexican'}]"
1972,"[{'alias': 'hotdogs', 'title': 'Fast Food'}]"
2073,"[{'alias': 'lounges', 'title': 'Lounges'}]"
2074,"[{'alias': 'indpak', 'title': 'Indian'}]"
2259,"[{'alias': 'chinese', 'title': 'Chinese'}]"
2301,"[{'alias': 'coffee', 'title': 'Coffee & Tea'}, {'alias': 'bagels', 'title': 'Bagels'}]"
2322,"[{'alias': 'coffee', 'title': 'Coffee & Tea'}]"
2323,"[{'alias': 'sushi', 'title': 'Sushi Bars'}]"
2331,"[{'alias': 'coffee', 'title': 'Coffee & Tea'}]"
2351,"[{'alias': 'coffee', 'title': 'Coffee & Tea'}]"
2371,"[{'alias': 'mexican', 'title': 'Mexican'}]"
2376,"[{'alias': 'pizza', 'title': 'Pizza'}]"
2381,"[{'alias': 'modern_european', 'title': 'Modern European'}]"
2386,"[{'alias': 'breakfast_brunch', 'title': 'Breakfast & Brunch'}, {'alias': 'diners', 'title': 'Diners'}, {'alias': 'greek', 'title': 'Greek'}]"
2389,"[{'alias': 'ramen', 'title': 'Ramen'}, {'alias': 'desserts', 'title': 'Desserts'}]"
2390,"[{'alias': 'latin', 'title': 'Latin American'}, {'alias': 'importedfood', 'title': 'Imported Food'}]"
2405,"[{'alias': 'coffee', 'title': 'Coffee & Tea'}]"
2418,"[{'alias': 'vietnamese', 'title': 'Vietnamese'}, {'alias': 'bars', 'title': 'Bars'}, {'alias': 'asianfusion', 'title': 'Asian Fusion'}]"
2467,"[{'alias': 'coffee', 'title': 'Coffee & Tea'}]"
2482,"[{'alias': 'bakeries', 'title': 'Bakeries'}, {'alias': 'gluten_free', 'title': 'Gluten-Free'}, {'alias': 'coffee', 'title': 'Coffee & Tea'}]"
2489,"[{'alias': 'cocktailbars', 'title': 'Cocktail Bars'}]"
2496,"[{'alias': 'cafes', 'title': 'Cafes'}, {'alias': 'diners', 'title': 'Diners'}]"
2503,"[{'alias': 'parks', 'title': 'Parks'}]"
2511,"[{'alias': 'filipino', 'title': 'Filipino'}]"
2512,"[{'alias': 'polish', 'title': 'Polish'}]"
2520,"[{'alias': 'african', 'title': 'African'}]"
2534,"[{'alias': 'syrian', 'title': 'Syrian'}, {'alias': 'mideastern', 'title': 'Middle Eastern'}, {'alias': 'arabian', 'title': 'Arabian'}]"
2578,"[{'alias': 'newcanadian', 'title': 'Canadian (New)'}]"
2591,"[{'alias': 'chinese', 'title': 'Chinese'}]"
2606,"[{'alias': 'gourmet', 'title': 'Specialty Food'}, {'alias': 'comfortfood', 'title': 'Comfort Food'}]"
2622,"[{'alias': 'parks', 'title': 'Parks'}]"
2639,"[{'alias': 'italian', 'title': 'Italian'}]"
2664,"[{'alias': 'parks', 'title': 'Parks'}]"
2665,"[{'alias': 'parks', 'title': 'Parks'}]"
2703,"[{'alias': 'restaurants', 'title': 'Restaurants'}, {'alias': 'wine_bars', 'title': 'Wine Bars'}]"
2734,"[{'alias': 'cocktailbars', 'title': 'Cocktail Bars'}, {'alias': 'modern_european', 'title': 'Modern European'}, {'alias': 'newcanadian', 'title': 'Canadian (New)'}]"
2767,"[{'alias': 'cafes', 'title': 'Cafes'}, {'alias': 'coffee', 'title': 'Coffee & Tea'}, {'alias': 'delis', 'title': 'Delis'}]"
2832,"[{'alias': 'italian', 'title': 'Italian'}]"
2839,"[{'alias': 'airportlounges', 'title': 'Airport Lounges'}]"
2847,"[{'alias': 'donairs', 'title': 'Donairs'}, {'alias': 'mediterranean', 'title': 'Mediterranean'}, {'alias': 'turkish', 'title': 'Turkish'}]"
2855,"[{'alias': 'desserts', 'title': 'Desserts'}, {'alias': 'icecream', 'title': 'Ice Cream & Frozen Yogurt'}, {'alias': 'creperies', 'title': 'Creperies'}]"
2860,"[{'alias': 'pakistani', 'title': 'Pakistani'}, {'alias': 'halal', 'title': 'Halal'}, {'alias': 'indpak', 'title': 'Indian'}]"
2867,"[{'alias': 'indpak', 'title': 'Indian'}]"
2868,"[{'alias': 'vietnamese', 'title': 'Vietnamese'}, {'alias': 'noodles', 'title': 'Noodles'}, {'alias': 'soup', 'title': 'Soup'}]"
2894,"[{'alias': 'coffee', 'title': 'Coffee & Tea'}, {'alias': 'bakeries', 'title': 'Bakeries'}]"
2921,"[{'alias': 'parks', 'title': 'Parks'}, {'alias': 'skatingrinks', 'title': 'Skating Rinks'}, {'alias': 'tennis', 'title': 'Tennis'}]"
2965,"[{'alias': 'thai', 'title': 'Thai'}]"
2976,"[{'alias': 'caribbean', 'title': 'Caribbean'}]"
2987,"[{'alias': 'latin', 'title': 'Latin American'}]"
2988,"[{'alias': 'parks', 'title': 'Parks'}]"
2999,"[{'alias': 'pakistani', 'title': 'Pakistani'}, {'alias': 'indpak', 'title': 'Indian'}]"
3010,"[{'alias': 'chinese', 'title': 'Chinese'}, {'alias': 'caribbean', 'title': 'Caribbean'}]"
3021,"[{'alias': 'indpak', 'title': 'Indian'}, {'alias': 'srilankan', 'title': 'Sri Lankan'}]"
3032,"[{'alias': 'sportsbars', 'title': 'Sports Bars'}, {'alias': 'tradamerican', 'title': 'American (Traditional)'}, {'alias': 'beerbar', 'title': 'Beer Bar'}]"
3043,"[{'alias': 'pizza', 'title': 'Pizza'}, {'alias': 'italian', 'title': 'Italian'}]"
3054,"[{'alias': 'pizza', 'title': 'Pizza'}]"
3065,"[{'alias': 'coffee', 'title': 'Coffee & Tea'}]"
3102,"[{'alias': 'mexican', 'title': 'Mexican'}]"
3158,"[{'alias': 'cafes', 'title': 'Cafes'}]"
3163,"[{'alias': 'karaoke', 'title': 'Karaoke'}, {'alias': 'pubs', 'title': 'Pubs'}]"
3179,"[{'alias': 'localflavor', 'title': 'Local Flavor'}, {'alias': 'museums', 'title': 'Museums'}]"
3195,"[{'alias': 'pizza', 'title': 'Pizza'}]"
3210,"[{'alias': 'newcanadian', 'title': 'Canadian (New)'}]"
3218,"[{'alias': 'burgers', 'title': 'Burgers'}, {'alias': 'sandwiches', 'title': 'Sandwiches'}, {'alias': 'salad', 'title': 'Salad'}]"
3237,"[{'alias': 'foodstands', 'title': 'Food Stands'}]"
3273,"[{'alias': 'chinese', 'title': 'Chinese'}, {'alias': 'seafood', 'title': 'Seafood'}]"
3312,"[{'alias': 'italian', 'title': 'Italian'}]"
3355,"[{'alias': 'indpak', 'title': 'Indian'}]"
3452,"[{'alias': 'chicken_wings', 'title': 'Chicken Wings'}, {'alias': 'newcanadian', 'title': 'Canadian (New)'}, {'alias': 'sportsbars', 'title': 'Sports Bars'}]"
3456,"[{'alias': 'chinese', 'title': 'Chinese'}]"
3458,"[{'alias': 'bakeries', 'title': 'Bakeries'}, {'alias': 'bars', 'title': 'Bars'}, {'alias': 'cafes', 'title': 'Cafes'}]"
3460,"[{'alias': 'desserts', 'title': 'Desserts'}, {'alias': 'bakeries', 'title': 'Bakeries'}, {'alias': 'gluten_free', 'title': 'Gluten-Free'}]"
3462,"[{'alias': 'chinese', 'title': 'Chinese'}]"
3463,"[{'alias': 'mideastern', 'title': 'Middle Eastern'}, {'alias': 'mediterranean', 'title': 'Mediterranean'}]"
3464,"[{'alias': 'chinese', 'title': 'Chinese'}]"
3466,"[{'alias': 'sandwiches', 'title': 'Sandwiches'}]"
3468,"[{'alias': 'seafood', 'title': 'Seafood'}, {'alias': 'fishnchips', 'title': 'Fish & Chips'}]"
3475,"[{'alias': 'hotdogs', 'title': 'Fast Food'}, {'alias': 'chinese', 'title': 'Chinese'}]"
3476,"[{'alias': 'breakfast_brunch', 'title': 'Breakfast & Brunch'}]"
3481,"[{'alias': 'indpak', 'title': 'Indian'}, {'alias': 'halal', 'title': 'Halal'}]"
3482,"[{'alias': 'cajun', 'title': 'Cajun/Creole'}, {'alias': 'seafood', 'title': 'Seafood'}, {'alias': 'asianfusion', 'title': 'Asian Fusion'}]"
3488,"[{'alias': 'portuguese', 'title': 'Portuguese'}, {'alias': 'steak', 'title': 'Steakhouses'}, {'alias': 'chickenshop', 'title': 'Chicken Shop'}]"
3490,"[{'alias': 'bakeries', 'title': 'Bakeries'}, {'alias': 'greek', 'title': 'Greek'}]"
3496,"[{'alias': 'chinese', 'title': 'Chinese'}]"
3500,"[{'alias': 'french', 'title': 'French'}, {'alias': 'wine_bars', 'title': 'Wine Bars'}]"
3501,"[{'alias': 'halal', 'title': 'Halal'}, {'alias': 'caribbean', 'title': 'Caribbean'}]"
3510,"[{'alias': 'filipino', 'title': 'Filipino'}]"
3513,"[{'alias': 'mediterranean', 'title': 'Mediterranean'}]"
3518,"[{'alias': 'indpak', 'title': 'Indian'}, {'alias': 'desserts', 'title': 'Desserts'}, {'alias': 'pakistani', 'title': 'Pakistani'}]"
3519,"[{'alias': 'chinese', 'title': 'Chinese'}]"
3523,"[{'alias': 'catering', 'title': 'Caterers'}, {'alias': 'indpak', 'title': 'Indian'}]"
3527,"[{'alias': 'cafes', 'title': 'Cafes'}, {'alias': 'bakeries', 'title': 'Bakeries'}]"
3530,"[{'alias': 'dimsum', 'title': 'Dim Sum'}]"
3531,"[{'alias': 'mexican', 'title': 'Mexican'}]"
3532,"[{'alias': 'burgers', 'title': 'Burgers'}]"
3615,"[{'alias': 'coffee', 'title': 'Coffee & Tea'}]"
3720,"[{'alias': 'korean', 'title': 'Korean'}]"
3722,"[{'alias': 'indpak', 'title': 'Indian'}, {'alias': 'vegetarian', 'title': 'Vegetarian'}]"
3723,"[{'alias': 'caribbean', 'title': 'Caribbean'}]"
3737,"[{'alias': 'catering', 'title': 'Caterers'}, {'alias': 'coffee', 'title': 'Coffee & Tea'}, {'alias': 'italian', 'title': 'Italian'}]"
3740,"[{'alias': 'japanese', 'title': 'Japanese'}, {'alias': 'sushi', 'title': 'Sushi Bars'}]"
3750,"[{'alias': 'british', 'title': 'British'}, {'alias': 'pubs', 'title': 'Pubs'}, {'alias': 'sportsbars', 'title': 'Sports Bars'}]"
3752,"[{'alias': 'indpak', 'title': 'Indian'}]"
3755,"[{'alias': 'fishnchips', 'title': 'Fish & Chips'}, {'alias': 'hotdogs', 'title': 'Fast Food'}, {'alias': 'cheesesteaks', 'title': 'Cheesesteaks'}]"
3767,"[{'alias': 'hotdogs', 'title': 'Fast Food'}, {'alias': 'burgers', 'title': 'Burgers'}]"
3768,"[{'alias': 'hotdogs', 'title': 'Fast Food'}]"
3781,"[{'alias': 'diners', 'title': 'Diners'}]"
3784,"[{'alias': 'chicken_wings', 'title': 'Chicken Wings'}, {'alias': 'pizza', 'title': 'Pizza'}, {'alias': 'burgers', 'title': 'Burgers'}]"
3790,"[{'alias': 'indpak', 'title': 'Indian'}]"
3803,"[{'alias': 'tex-mex', 'title': 'Tex-Mex'}]"
3857,"[{'alias': 'gourmet', 'title': 'Specialty Food'}, {'alias': 'turkish', 'title': 'Turkish'}]"
3942,"[{'alias': 'cafes', 'title': 'Cafes'}]"
3943,"[{'alias': 'caribbean', 'title': 'Caribbean'}]"
4026,"[{'alias': 'hotdog', 'title': 'Hot Dogs'}, {'alias': 'burgers', 'title': 'Burgers'}]"
4126,"[{'alias': 'thai', 'title': 'Thai'}]"
4213,"[{'alias': 'thai', 'title': 'Thai'}]"
4283,"[{'alias': 'lounges', 'title': 'Lounges'}, {'alias': 'italian', 'title': 'Italian'}, {'alias': 'cocktailbars', 'title': 'Cocktail Bars'}]"
4571,"[{'alias': 'italian', 'title': 'Italian'}]"
4628,"[{'alias': 'coffee', 'title': 'Coffee & Tea'}]"
4697,"[{'alias': 'newcanadian', 'title': 'Canadian (New)'}, {'alias': 'sportsbars', 'title': 'Sports Bars'}, {'alias': 'burgers', 'title': 'Burgers'}]"
4698,"[{'alias': 'comfortfood', 'title': 'Comfort Food'}, {'alias': 'tradamerican', 'title': 'American (Traditional)'}]"
4707,"[{'alias': 'coffee', 'title': 'Coffee & Tea'}]"
4710,"[{'alias': 'italian', 'title': 'Italian'}]"
4713,"[{'alias': 'seafood', 'title': 'Seafood'}]"
4721,"[{'alias': 'cafes', 'title': 'Cafes'}, {'alias': 'coffeeroasteries', 'title': 'Coffee Roasteries'}]"
4729,"[{'alias': 'indpak', 'title': 'Indian'}, {'alias': 'pakistani', 'title': 'Pakistani'}]"
4734,"[{'alias': 'diners', 'title': 'Diners'}, {'alias': 'breakfast_brunch', 'title': 'Breakfast & Brunch'}, {'alias': 'burgers', 'title': 'Burgers'}]"
4735,"[{'alias': 'chicken_wings', 'title': 'Chicken Wings'}, {'alias': 'sportsbars', 'title': 'Sports Bars'}, {'alias': 'tradamerican', 'title': 'American (Traditional)'}]"
4758,"[{'alias': 'restaurants', 'title': 'Restaurants'}]"
4769,"[{'alias': 'bbq', 'title': 'Barbeque'}, {'alias': 'foodtrucks', 'title': 'Food Trucks'}]"
4791,"[{'alias': 'chinese', 'title': 'Chinese'}]"
4822,"[{'alias': 'chinese', 'title': 'Chinese'}]"
4846,"[{'alias': 'breakfast_brunch', 'title': 'Breakfast & Brunch'}, {'alias': 'diners', 'title': 'Diners'}]"
4890,"[{'alias': 'seafood', 'title': 'Seafood'}, {'alias': 'japanese', 'title': 'Japanese'}]"
4900,"[{'alias': 'pizza', 'title': 'Pizza'}, {'alias': 'italian', 'title': 'Italian'}, {'alias': 'chicken_wings', 'title': 'Chicken Wings'}]"
4928,"[{'alias': 'seafood', 'title': 'Seafood'}, {'alias': 'tradamerican', 'title': 'American (Traditional)'}]"
4939,"[{'alias': 'dimsum', 'title': 'Dim Sum'}]"
4949,"[{'alias': 'chinese', 'title': 'Chinese'}]"
4950,"[{'alias': 'greek', 'title': 'Greek'}]"
4981,"[{'alias': 'desserts', 'title': 'Desserts'}, {'alias': 'cafes', 'title': 'Cafes'}, {'alias': 'creperies', 'title': 'Creperies'}]"
4989,"[{'alias': 'mideastern', 'title': 'Middle Eastern'}, {'alias': 'food', 'title': 'Food'}]"
5094,"[{'alias': 'japanese', 'title': 'Japanese'}]"
5115,"[{'alias': 'lounges', 'title': 'Lounges'}, {'alias': 'venues', 'title': 'Venues & Event Spaces'}]"
5126,"[{'alias': 'mexican', 'title': 'Mexican'}]"
5127,"[{'alias': 'burgers', 'title': 'Burgers'}]"
5157,"[{'alias': 'japanese', 'title': 'Japanese'}]"
5168,"[{'alias': 'italian', 'title': 'Italian'}]"
5177,"[{'alias': 'portuguese', 'title': 'Portuguese'}]"
5188,"[{'alias': 'newcanadian', 'title': 'Canadian (New)'}, {'alias': 'seafood', 'title': 'Seafood'}, {'alias': 'vegan', 'title': 'Vegan'}]"
5198,"[{'alias': 'japanese', 'title': 'Japanese'}]"
5240,"[{'alias': 'comfortfood', 'title': 'Comfort Food'}, {'alias': 'seafood', 'title': 'Seafood'}, {'alias': 'lounges', 'title': 'Lounges'}]"
5241,"[{'alias': 'italian', 'title': 'Italian'}]"
5277,"[{'alias': 'italian', 'title': 'Italian'}, {'alias': 'breakfast_brunch', 'title': 'Breakfast & Brunch'}, {'alias': 'gastropubs', 'title': 'Gastropubs'}]"
5338,"[{'alias': 'burgers', 'title': 'Burgers'}, {'alias': 'desserts', 'title': 'Desserts'}]"
5406,"[{'alias': 'hotdog', 'title': 'Hot Dogs'}, {'alias': 'burgers', 'title': 'Burgers'}, {'alias': 'poutineries', 'title': 'Poutineries'}]"
5458,"[{'alias': 'burgers', 'title': 'Burgers'}]"
5510,"[{'alias': 'coffee', 'title': 'Coffee & Tea'}, {'alias': 'bakeries', 'title': 'Bakeries'}, {'alias': 'donuts', 'title': 'Donuts'}]"
5520,"[{'alias': 'coffee', 'title': 'Coffee & Tea'}]"
5521,"[{'alias': 'mideastern', 'title': 'Middle Eastern'}]"
5522,"[{'alias': 'coffee', 'title': 'Coffee & Tea'}, {'alias': 'sandwiches', 'title': 'Sandwiches'}, {'alias': 'salad', 'title': 'Salad'}]"
5532,"[{'alias': 'pizza', 'title': 'Pizza'}, {'alias': 'chickenshop', 'title': 'Chicken Shop'}, {'alias': 'burgers', 'title': 'Burgers'}]"
5541,"[{'alias': 'mediterranean', 'title': 'Mediterranean'}, {'alias': 'spanish', 'title': 'Spanish'}]"
5562,"[{'alias': 'cambodian', 'title': 'Cambodian'}, {'alias': 'breakfast_brunch', 'title': 'Breakfast & Brunch'}]"
5571,"[{'alias': 'restaurants', 'title': 'Restaurants'}]"
5591,"[{'alias': 'bakeries', 'title': 'Bakeries'}, {'alias': 'creperies', 'title': 'Creperies'}, {'alias': 'cafes', 'title': 'Cafes'}]"
5600,"[{'alias': 'greek', 'title': 'Greek'}, {'alias': 'mediterranean', 'title': 'Mediterranean'}]"
5620,"[{'alias': 'indpak', 'title': 'Indian'}]"
5621,"[{'alias': 'pizza', 'title': 'Pizza'}]"
5643,"[{'alias': 'foodstands', 'title': 'Food Stands'}, {'alias': 'hotdogs', 'title': 'Fast Food'}]"
5661,"[{'alias': 'thai', 'title': 'Thai'}]"
5686,"[{'alias': 'delis', 'title': 'Delis'}]"
5696,"[{'alias': 'gastropubs', 'title': 'Gastropubs'}, {'alias': 'bars', 'title': 'Bars'}, {'alias': 'newcanadian', 'title': 'Canadian (New)'}]"
5735,"[{'alias': 'vegetarian', 'title': 'Vegetarian'}]"
5736,"[{'alias': 'french', 'title': 'French'}, {'alias': 'cafes', 'title': 'Cafes'}]"
5746,"[{'alias': 'sandwiches', 'title': 'Sandwiches'}]"
5756,"[{'alias': 'italian', 'title': 'Italian'}]"
5787,"[{'alias': 'pizza', 'title': 'Pizza'}, {'alias': 'italian', 'title': 'Italian'}]"
5808,"[{'alias': 'bakeries', 'title': 'Bakeries'}, {'alias': 'vegan', 'title': 'Vegan'}]"
5838,"[{'alias': 'pubs', 'title': 'Pubs'}]"
5849,"[{'alias': 'pubs', 'title': 'Pubs'}, {'alias': 'tradamerican', 'title': 'American (Traditional)'}]"
5869,"[{'alias': 'bubbletea', 'title': 'Bubble Tea'}, {'alias': 'coffee', 'title': 'Coffee & Tea'}, {'alias': 'juicebars', 'title': 'Juice Bars & Smoothies'}]"
5890,"[{'alias': 'pizza', 'title': 'Pizza'}]"
5912,"[{'alias': 'cafes', 'title': 'Cafes'}, {'alias': 'sandwiches', 'title': 'Sandwiches'}, {'alias': 'breakfast_brunch', 'title': 'Breakfast & Brunch'}]"
6000,"[{'alias': 'coffee', 'title': 'Coffee & Tea'}]"
6010,"[{'alias': 'pizza', 'title': 'Pizza'}]"
6021,"[{'alias': 'japanese', 'title': 'Japanese'}, {'alias': 'sushi', 'title': 'Sushi Bars'}]"
6032,"[{'alias': 'chinese', 'title': 'Chinese'}]"
6041,"[{'alias': 'italian', 'title': 'Italian'}]"
6066,"[{'alias': 'italian', 'title': 'Italian'}, {'alias': 'pubs', 'title': 'Pubs'}]"
6076,"[{'alias': 'japanese', 'title': 'Japanese'}]"
6098,"[{'alias': 'italian', 'title': 'Italian'}]"
6099,"[{'alias': 'seafood', 'title': 'Seafood'}, {'alias': 'cajun', 'title': 'Cajun/Creole'}, {'alias': 'asianfusion', 'title': 'Asian Fusion'}]"
6108,"[{'alias': 'sandwiches', 'title': 'Sandwiches'}, {'alias': 'hotdogs', 'title': 'Fast Food'}, {'alias': 'salad', 'title': 'Salad'}]"
6116,"[{'alias': 'hotdogs', 'title': 'Fast Food'}, {'alias': 'burgers', 'title': 'Burgers'}]"
6122,"[{'alias': 'asianfusion', 'title': 'Asian Fusion'}, {'alias': 'italian', 'title': 'Italian'}]"
6128,"[{'alias': 'bistros', 'title': 'Bistros'}, {'alias': 'breakfast_brunch', 'title': 'Breakfast & Brunch'}]"
6143,"[{'alias': 'sandwiches', 'title': 'Sandwiches'}]"
6148,"[{'alias': 'coffee', 'title': 'Coffee & Tea'}]"
6167,"[{'alias': 'coffee', 'title': 'Coffee & Tea'}]"
6192,"[{'alias': 'french', 'title': 'French'}, {'alias': 'wine_bars', 'title': 'Wine Bars'}]"
6218,"[{'alias': 'coffeeroasteries', 'title': 'Coffee Roasteries'}, {'alias': 'salad', 'title': 'Salad'}]"
6231,"[{'alias': 'coffee', 'title': 'Coffee & Tea'}]"
6251,"[{'alias': 'bars', 'title': 'Bars'}]"
6291,"[{'alias': 'coffee', 'title': 'Coffee & Tea'}]"
6319,"[{'alias': 'dog_parks', 'title': 'Dog Parks'}]"
6385,"[{'alias': 'italian', 'title': 'Italian'}, {'alias': 'wine_bars', 'title': 'Wine Bars'}]"
6390,"[{'alias': 'coffee', 'title': 'Coffee & Tea'}]"
6395,"[{'alias': 'pizza', 'title': 'Pizza'}, {'alias': 'vegan', 'title': 'Vegan'}, {'alias': 'gluten_free', 'title': 'Gluten-Free'}]"
6427,"[{'alias': 'sportsbars', 'title': 'Sports Bars'}, {'alias': 'burgers', 'title': 'Burgers'}, {'alias': 'chicken_wings', 'title': 'Chicken Wings'}]"
6451,"[{'alias': 'international', 'title': 'International'}, {'alias': 'cocktailbars', 'title': 'Cocktail Bars'}, {'alias': 'musicvenues', 'title': 'Music Venues'}]"
6457,"[{'alias': 'breakfast_brunch', 'title': 'Breakfast & Brunch'}, {'alias': 'sandwiches', 'title': 'Sandwiches'}]"
6462,"[{'alias': 'bbq', 'title': 'Barbeque'}, {'alias': 'chinese', 'title': 'Chinese'}]"
6475,"[{'alias': 'lounges', 'title': 'Lounges'}]"
6483,"[{'alias': 'mediterranean', 'title': 'Mediterranean'}]"
6502,"[{'alias': 'breakfast_brunch', 'title': 'Breakfast & Brunch'}]"
6514,"[{'alias': 'coffee', 'title': 'Coffee & Tea'}]"
6540,"[{'alias': 'sandwiches', 'title': 'Sandwiches'}, {'alias': 'catering', 'title': 'Caterers'}]"
6548,"[{'alias': 'desserts', 'title': 'Desserts'}, {'alias': 'cafes', 'title': 'Cafes'}, {'alias': 'coffee', 'title': 'Coffee & Tea'}]"
6568,"[{'alias': 'coffee', 'title': 'Coffee & Tea'}]"
6593,"[{'alias': 'italian', 'title': 'Italian'}]"
6594,"[{'alias': 'chinese', 'title': 'Chinese'}]"
6595,"[{'alias': 'pizza', 'title': 'Pizza'}]"
6621,"[{'alias': 'portuguese', 'title': 'Portuguese'}]"
6630,"[{'alias': 'coffee', 'title': 'Coffee & Tea'}]"
6638,"[{'alias': 'bars', 'title': 'Bars'}]"
6652,"[{'alias': 'coffee', 'title': 'Coffee & Tea'}]"
6661,"[{'alias': 'bars', 'title': 'Bars'}, {'alias': 'venues', 'title': 'Venues & Event Spaces'}]"
6677,"[{'alias': 'korean', 'title': 'Korean'}]"
6694,"[{'alias': 'sushi', 'title': 'Sushi Bars'}]"
6701,"[{'alias': 'vegetarian', 'title': 'Vegetarian'}, {'alias': 'sandwiches', 'title': 'Sandwiches'}]"
6711,"[{'alias': 'korean', 'title': 'Korean'}, {'alias': 'chinese', 'title': 'Chinese'}]"
6720,"[{'alias': 'burgers', 'title': 'Burgers'}, {'alias': 'cocktailbars', 'title': 'Cocktail Bars'}, {'alias': 'sandwiches', 'title': 'Sandwiches'}]"
6721,"[{'alias': 'bars', 'title': 'Bars'}, {'alias': 'musicvenues', 'title': 'Music Venues'}]"
6722,"[{'alias': 'vegetarian', 'title': 'Vegetarian'}, {'alias': 'sandwiches', 'title': 'Sandwiches'}]"
6723,"[{'alias': 'mexican', 'title': 'Mexican'}]"
6725,"[{'alias': 'chicken_wings', 'title': 'Chicken Wings'}, {'alias': 'sportsbars', 'title': 'Sports Bars'}, {'alias': 'hotdogs', 'title': 'Fast Food'}]"
6726,"[{'alias': 'hotdogs', 'title': 'Fast Food'}]"
6727,"[{'alias': 'seafood', 'title': 'Seafood'}]"
6730,"[{'alias': 'vegetarian', 'title': 'Vegetarian'}, {'alias': 'juicebars', 'title': 'Juice Bars & Smoothies'}, {'alias': 'salad', 'title': 'Salad'}]"
6731,"[{'alias': 'asianfusion', 'title': 'Asian Fusion'}, {'alias': 'sushi', 'title': 'Sushi Bars'}]"
6734,"[{'alias': 'coffee', 'title': 'Coffee & Tea'}]"
6735,"[{'alias': 'gourmet', 'title': 'Specialty Food'}, {'alias': 'hotdogs', 'title': 'Fast Food'}]"
6736,"[{'alias': 'sportsbars', 'title': 'Sports Bars'}, {'alias': 'gaybars', 'title': 'Gay Bars'}]"
6737,"[{'alias': 'coffee', 'title': 'Coffee & Tea'}]"
6738,"[{'alias': 'breakfast_brunch', 'title': 'Breakfast & Brunch'}, {'alias': 'sandwiches', 'title': 'Sandwiches'}]"
6739,"[{'alias': 'salvadoran', 'title': 'Salvadoran'}, {'alias': 'popupshops', 'title': 'Pop-up Shops'}]"
6740,"[{'alias': 'coffee', 'title': 'Coffee & Tea'}, {'alias': 'donuts', 'title': 'Donuts'}]"
6747,"[{'alias': 'landmarks', 'title': 'Landmarks & Historical Buildings'}, {'alias': 'observatories', 'title': 'Observatories'}]"
6748,"[{'alias': 'chinese', 'title': 'Chinese'}]"
6749,"[{'alias': 'caribbean', 'title': 'Caribbean'}, {'alias': 'sandwiches', 'title': 'Sandwiches'}]"
6753,"[{'alias': 'sushi', 'title': 'Sushi Bars'}]"
6755,"[{'alias': 'danceclubs', 'title': 'Dance Clubs'}, {'alias': 'venues', 'title': 'Venues & Event Spaces'}, {'alias': 'bars', 'title': 'Bars'}]"
6759,"[{'alias': 'greek', 'title': 'Greek'}, {'alias': 'mediterranean', 'title': 'Mediterranean'}]"
6761,"[{'alias': 'korean', 'title': 'Korean'}]"
6763,"[{'alias': 'chicken_wings', 'title': 'Chicken Wings'}, {'alias': 'tradamerican', 'title': 'American (Traditional)'}, {'alias': 'sportsbars', 'title': 'Sports Bars'}]"
6765,"[{'alias': 'coffee', 'title': 'Coffee & Tea'}, {'alias': 'bubbletea', 'title': 'Bubble Tea'}, {'alias': 'tea', 'title': 'Tea Rooms'}]"
6766,"[{'alias': 'mexican', 'title': 'Mexican'}]"
6768,"[{'alias': 'breakfast_brunch', 'title': 'Breakfast & Brunch'}]"
6769,"[{'alias': 'pubs', 'title': 'Pubs'}]"
6771,"[{'alias': 'bars', 'title': 'Bars'}, {'alias': 'newcanadian', 'title': 'Canadian (New)'}]"
6772,"[{'alias': 'steak', 'title': 'Steakhouses'}, {'alias': 'seafood', 'title': 'Seafood'}]"
6776,"[{'alias': 'pizza', 'title': 'Pizza'}]"
6777,"[{'alias': 'breakfast_brunch', 'title': 'Breakfast & Brunch'}]"
6782,"[{'alias': 'sandwiches', 'title': 'Sandwiches'}]"
6786,"[{'alias': 'desserts', 'title': 'Desserts'}, {'alias': 'coffee', 'title': 'Coffee & Tea'}, {'alias': 'juicebars', 'title': 'Juice Bars & Smoothies'}]"
6788,"[{'alias': 'bars', 'title': 'Bars'}, {'alias': 'tradamerican', 'title': 'American (Traditional)'}]"
6790,"[{'alias': 'himalayan', 'title': 'Himalayan/Nepalese'}]"
6791,"[{'alias': 'pubs', 'title': 'Pubs'}]"
6792,"[{'alias': 'persian', 'title': 'Persian/Iranian'}, {'alias': 'sandwiches', 'title': 'Sandwiches'}, {'alias': 'mideastern', 'title': 'Middle Eastern'}]"
6795,"[{'alias': 'parks', 'title': 'Parks'}]"
6796,"[{'alias': 'sushi', 'title': 'Sushi Bars'}, {'alias': 'coffee', 'title': 'Coffee & Tea'}]"
6803,"[{'alias': 'chicken_wings', 'title': 'Chicken Wings'}, {'alias': 'burgers', 'title': 'Burgers'}, {'alias': 'pubs', 'title': 'Pubs'}]"
6806,"[{'alias': 'burgers', 'title': 'Burgers'}]"
6808,"[{'alias': 'cafes', 'title': 'Cafes'}]"
6814,"[{'alias': 'coffee', 'title': 'Coffee & Tea'}]"
6819,"[{'alias': 'pizza', 'title': 'Pizza'}, {'alias': 'salad', 'title': 'Salad'}, {'alias': 'chicken_wings', 'title': 'Chicken Wings'}]"
6820,"[{'alias': 'hotdogs', 'title': 'Fast Food'}, {'alias': 'mexican', 'title': 'Mexican'}]"
6826,"[{'alias': 'coffee', 'title': 'Coffee & Tea'}, {'alias': 'breakfast_brunch', 'title': 'Breakfast & Brunch'}, {'alias': 'sandwiches', 'title': 'Sandwiches'}]"
6828,"[{'alias': 'coffee', 'title': 'Coffee & Tea'}, {'alias': 'bakeries', 'title': 'Bakeries'}]"
6836,"[{'alias': 'coffee', 'title': 'Coffee & Tea'}]"
6843,"[{'alias': 'pubs', 'title': 'Pubs'}, {'alias': 'hotels', 'title': 'Hotels'}]"
6849,"[{'alias': 'skate_parks', 'title': 'Skate Parks'}]"
6858,"[{'alias': 'coffee', 'title': 'Coffee & Tea'}, {'alias': 'bakeries', 'title': 'Bakeries'}]"
6864,"[{'alias': 'playgrounds', 'title': 'Playgrounds'}, {'alias': 'parks', 'title': 'Parks'}]"
6868,"[{'alias': 'parks', 'title': 'Parks'}]"
6874,"[{'alias': 'dog_parks', 'title': 'Dog Parks'}]"
6875,"[{'alias': 'lounges', 'title': 'Lounges'}]"
6876,"[{'alias': 'sandwiches', 'title': 'Sandwiches'}, {'alias': 'hotdogs', 'title': 'Fast Food'}]"
6886,"[{'alias': 'landmarks', 'title': 'Landmarks & Historical Buildings'}]"
6887,"[{'alias': 'chickenshop', 'title': 'Chicken Shop'}, {'alias': 'waffles', 'title': 'Waffles'}, {'alias': 'burgers', 'title': 'Burgers'}]"
6898,"[{'alias': 'parks', 'title': 'Parks'}]"
6905,"[{'alias': 'breakfast_brunch', 'title': 'Breakfast & Brunch'}, {'alias': 'beerbar', 'title': 'Beer Bar'}, {'alias': 'newcanadian', 'title': 'Canadian (New)'}]"
6908,"[{'alias': 'pizza', 'title': 'Pizza'}, {'alias': 'burgers', 'title': 'Burgers'}, {'alias': 'bars', 'title': 'Bars'}]"
6909,"[{'alias': 'food_court', 'title': 'Food Court'}]"
6910,"[{'alias': 'hotdogs', 'title': 'Fast Food'}, {'alias': 'burgers', 'title': 'Burgers'}]"
6912,"[{'alias': 'burgers', 'title': 'Burgers'}]"
6914,"[{'alias': 'coffee', 'title': 'Coffee & Tea'}, {'alias': 'bakeries', 'title': 'Bakeries'}]"
6915,"[{'alias': 'cafes', 'title': 'Cafes'}]"
6916,"[{'alias': 'coffee', 'title': 'Coffee & Tea'}]"
6918,"[{'alias': 'vegetarian', 'title': 'Vegetarian'}, {'alias': 'gluten_free', 'title': 'Gluten-Free'}]"
6919,"[{'alias': 'thai', 'title': 'Thai'}]"
6920,"[{'alias': 'salad', 'title': 'Salad'}, {'alias': 'sandwiches', 'title': 'Sandwiches'}]"
6923,"[{'alias': 'wine_bars', 'title': 'Wine Bars'}, {'alias': 'newcanadian', 'title': 'Canadian (New)'}]"
6925,"[{'alias': 'chinese', 'title': 'Chinese'}, {'alias': 'hotpot', 'title': 'Hot Pot'}]"
6926,"[{'alias': 'chinese', 'title': 'Chinese'}]"
6930,"[{'alias': 'sandwiches', 'title': 'Sandwiches'}]"
6932,"[{'alias': 'sandwiches', 'title': 'Sandwiches'}, {'alias': 'hotdogs', 'title': 'Fast Food'}]"
6933,"[{'alias': 'restaurants', 'title': 'Restaurants'}]"
6934,"[{'alias': 'breakfast_brunch', 'title': 'Breakfast & Brunch'}, {'alias': 'sandwiches', 'title': 'Sandwiches'}]"
6936,"[{'alias': 'coffee', 'title': 'Coffee & Tea'}, {'alias': 'bakeries', 'title': 'Bakeries'}, {'alias': 'bagels', 'title': 'Bagels'}]"
6937,"[{'alias': 'pizza', 'title': 'Pizza'}]"
6938,"[{'alias': 'coffee', 'title': 'Coffee & Tea'}]"
6939,"[{'alias': 'coffee', 'title': 'Coffee & Tea'}]"
6943,"[{'alias': 'hotdogs', 'title': 'Fast Food'}, {'alias': 'burgers', 'title': 'Burgers'}]"
6944,"[{'alias': 'breakfast_brunch', 'title': 'Breakfast & Brunch'}]"
6945,"[{'alias': 'japanese', 'title': 'Japanese'}, {'alias': 'hotdogs', 'title': 'Fast Food'}]"
6946,"[{'alias': 'modern_european', 'title': 'Modern European'}, {'alias': 'newcanadian', 'title': 'Canadian (New)'}]"
6947,"[{'alias': 'coffee', 'title': 'Coffee & Tea'}, {'alias': 'appliances', 'title': 'Appliances'}]"
6948,"[{'alias': 'japanese', 'title': 'Japanese'}]"
6951,"[{'alias': 'bagels', 'title': 'Bagels'}, {'alias': 'coffee', 'title': 'Coffee & Tea'}, {'alias': 'sandwiches', 'title': 'Sandwiches'}]"
6952,"[{'alias': 'burgers', 'title': 'Burgers'}, {'alias': 'hotdogs', 'title': 'Fast Food'}]"
6953,"[{'alias': 'cajun', 'title': 'Cajun/Creole'}]"
6954,"[{'alias': 'mediterranean', 'title': 'Mediterranean'}]"
6955,"[{'alias': 'chinese', 'title': 'Chinese'}]"
6957,"[{'alias': 'diners', 'title': 'Diners'}, {'alias': 'bars', 'title': 'Bars'}, {'alias': 'steak', 'title': 'Steakhouses'}]"
6961,"[{'alias': 'falafel', 'title': 'Falafel'}]"
6962,"[{'alias': 'sushi', 'title': 'Sushi Bars'}]"
6964,"[{'alias': 'localflavor', 'title': 'Local Flavor'}]"
6965,"[{'alias': 'sushi', 'title': 'Sushi Bars'}]"
6967,"[{'alias': 'tex-mex', 'title': 'Tex-Mex'}]"
6969,"[{'alias': 'coffee', 'title': 'Coffee & Tea'}, {'alias': 'desserts', 'title': 'Desserts'}]"
6970,"[{'alias': 'italian', 'title': 'Italian'}, {'alias': 'hotdogs', 'title': 'Fast Food'}]"
6975,"[{'alias': 'juicebars', 'title': 'Juice Bars & Smoothies'}, {'alias': 'mediterranean', 'title': 'Mediterranean'}, {'alias': 'tex-mex', 'title': 'Tex-Mex'}]"
6976,"[{'alias': 'sandwiches', 'title': 'Sandwiches'}]"
6978,[]
6980,"[{'alias': 'lounges', 'title': 'Lounges'}]"
6981,"[{'alias': 'foodstands', 'title': 'Food Stands'}]"
6982,"[{'alias': 'cafes', 'title': 'Cafes'}]"
6983,"[{'alias': 'coffee', 'title': 'Coffee & Tea'}]"
6987,"[{'alias': 'halal', 'title': 'Halal'}, {'alias': 'mexican', 'title': 'Mexican'}]"
6988,"[{'alias': 'newcanadian', 'title': 'Canadian (New)'}]"
6990,"[{'alias': 'coffee', 'title': 'Coffee & Tea'}, {'alias': 'bakeries', 'title': 'Bakeries'}]"
6995,"[{'alias': 'delis', 'title': 'Delis'}, {'alias': 'breakfast_brunch', 'title': 'Breakfast & Brunch'}, {'alias': 'sandwiches', 'title': 'Sandwiches'}]"
6996,"[{'alias': 'cocktailbars', 'title': 'Cocktail Bars'}]"
6998,"[{'alias': 'pizza', 'title': 'Pizza'}]"
7001,"[{'alias': 'seafood', 'title': 'Seafood'}, {'alias': 'cajun', 'title': 'Cajun/Creole'}, {'alias': 'asianfusion', 'title': 'Asian Fusion'}]"
7002,"[{'alias': 'thai', 'title': 'Thai'}]"
7004,"[{'alias': 'sandwiches', 'title': 'Sandwiches'}, {'alias': 'comfortfood', 'title': 'Comfort Food'}, {'alias': 'breakfast_brunch', 'title': 'Breakfast & Brunch'}]"
7006,"[{'alias': 'bars', 'title': 'Bars'}]"
7009,"[{'alias': 'sportsbars', 'title': 'Sports Bars'}, {'alias': 'newcanadian', 'title': 'Canadian (New)'}]"
7011,"[{'alias': 'steak', 'title': 'Steakhouses'}, {'alias': 'bars', 'title': 'Bars'}, {'alias': 'seafood', 'title': 'Seafood'}]"
7013,"[{'alias': 'greek', 'title': 'Greek'}, {'alias': 'mediterranean', 'title': 'Mediterranean'}]"
7014,"[{'alias': 'bars', 'title': 'Bars'}, {'alias': 'beer_and_wine', 'title': 'Beer, Wine & Spirits'}, {'alias': 'newcanadian', 'title': 'Canadian (New)'}]"
7015,"[{'alias': 'mexican', 'title': 'Mexican'}]"
7016,"[{'alias': 'hotdogs', 'title': 'Fast Food'}, {'alias': 'burgers', 'title': 'Burgers'}]"
7020,"[{'alias': 'steak', 'title': 'Steakhouses'}, {'alias': 'seafood', 'title': 'Seafood'}]"
7023,"[{'alias': 'newcanadian', 'title': 'Canadian (New)'}]"
7025,"[{'alias': 'creperies', 'title': 'Creperies'}, {'alias': 'cafes', 'title': 'Cafes'}]"
7027,"[{'alias': 'italian', 'title': 'Italian'}]"
7034,"[{'alias': 'bbq', 'title': 'Barbeque'}]"
7035,"[{'alias': 'bakeries', 'title': 'Bakeries'}, {'alias': 'coffee', 'title': 'Coffee & Tea'}]"
7043,"[{'alias': 'chicken_wings', 'title': 'Chicken Wings'}, {'alias': 'chickenshop', 'title': 'Chicken Shop'}]"
7045,"[{'alias': 'italian', 'title': 'Italian'}]"
7047,"[{'alias': 'sandwiches', 'title': 'Sandwiches'}]"
7049,"[{'alias': 'sandwiches', 'title': 'Sandwiches'}, {'alias': 'hotdogs', 'title': 'Fast Food'}]"
7052,"[{'alias': 'localflavor', 'title': 'Local Flavor'}]"
7053,"[{'alias': 'coffee', 'title': 'Coffee & Tea'}]"
7058,"[{'alias': 'cafes', 'title': 'Cafes'}]"
7063,"[{'alias': 'delis', 'title': 'Delis'}]"
7066,"[{'alias': 'mediterranean', 'title': 'Mediterranean'}, {'alias': 'sandwiches', 'title': 'Sandwiches'}]"
7068,"[{'alias': 'caribbean', 'title': 'Caribbean'}]"
7071,"[{'alias': 'seafood', 'title': 'Seafood'}]"
7076,"[{'alias': 'coffee', 'title': 'Coffee & Tea'}, {'alias': 'juicebars', 'title': 'Juice Bars & Smoothies'}, {'alias': 'healthmarkets', 'title': 'Health Markets'}]"
7077,"[{'alias': 'chinese', 'title': 'Chinese'}]"
7091,"[{'alias': 'sushi', 'title': 'Sushi Bars'}, {'alias': 'japanese', 'title': 'Japanese'}, {'alias': 'salad', 'title': 'Salad'}]"
7097,"[{'alias': 'mideastern', 'title': 'Middle Eastern'}, {'alias': 'halal', 'title': 'Halal'}, {'alias': 'sandwiches', 'title': 'Sandwiches'}]"
7100,"[{'alias': 'mexican', 'title': 'Mexican'}, {'alias': 'lounges', 'title': 'Lounges'}]"
7103,"[{'alias': 'coffee', 'title': 'Coffee & Tea'}, {'alias': 'media', 'title': 'Books, Mags, Music & Video'}]"
7106,"[{'alias': 'pubs', 'title': 'Pubs'}]"
7109,"[{'alias': 'delicatessen', 'title': 'Delicatessen'}, {'alias': 'chinese', 'title': 'Chinese'}, {'alias': 'importedfood', 'title': 'Imported Food'}]"
7127,"[{'alias': 'meats', 'title': 'Meat Shops'}, {'alias': 'hotdog', 'title': 'Hot Dogs'}]"
7128,"[{'alias': 'parks', 'title': 'Parks'}, {'alias': 'playgrounds', 'title': 'Playgrounds'}]"
7136,"[{'alias': 'coffee', 'title': 'Coffee & Tea'}]"
7138,"[{'alias': 'indpak', 'title': 'Indian'}]"
7149,"[{'alias': 'sportsbars', 'title': 'Sports Bars'}, {'alias': 'tradamerican', 'title': 'American (Traditional)'}, {'alias': 'pubs', 'title': 'Pubs'}]"
7151,"[{'alias': 'japanese', 'title': 'Japanese'}]"
7155,"[{'alias': 'dimsum', 'title': 'Dim Sum'}]"
7159,"[{'alias': 'italian', 'title': 'Italian'}, {'alias': 'wine_bars', 'title': 'Wine Bars'}]"
7160,"[{'alias': 'coffee', 'title': 'Coffee & Tea'}]"
7165,"[{'alias': 'mexican', 'title': 'Mexican'}, {'alias': 'tex-mex', 'title': 'Tex-Mex'}]"
7171,"[{'alias': 'pubs', 'title': 'Pubs'}, {'alias': 'gastropubs', 'title': 'Gastropubs'}]"
7175,"[{'alias': 'tex-mex', 'title': 'Tex-Mex'}]"
7181,"[{'alias': 'bbq', 'title': 'Barbeque'}]"
7197,"[{'alias': 'salad', 'title': 'Salad'}, {'alias': 'vegetarian', 'title': 'Vegetarian'}, {'alias': 'gluten_free', 'title': 'Gluten-Free'}]"
7198,"[{'alias': 'vegan', 'title': 'Vegan'}, {'alias': 'vegetarian', 'title': 'Vegetarian'}]"
7209,"[{'alias': 'cocktailbars', 'title': 'Cocktail Bars'}]"
7212,"[{'alias': 'korean', 'title': 'Korean'}]"
7223,"[{'alias': 'bakeries', 'title': 'Bakeries'}, {'alias': 'cafes', 'title': 'Cafes'}]"
7241,"[{'alias': 'greek', 'title': 'Greek'}]"
7264,"[{'alias': 'hotdogs', 'title': 'Fast Food'}, {'alias': 'burgers', 'title': 'Burgers'}]"
7274,"[{'alias': 'sushi', 'title': 'Sushi Bars'}, {'alias': 'japanese', 'title': 'Japanese'}]"
7281,"[{'alias': 'mediterranean', 'title': 'Mediterranean'}]"
7285,"[{'alias': 'filipino', 'title': 'Filipino'}]"
7286,"[{'alias': 'hotdogs', 'title': 'Fast Food'}, {'alias': 'burgers', 'title': 'Burgers'}]"
7290,"[{'alias': 'food_court', 'title': 'Food Court'}, {'alias': 'importedfood', 'title': 'Imported Food'}]"
7291,"[{'alias': 'pubs', 'title': 'Pubs'}]"
7292,"[{'alias': 'pubs', 'title': 'Pubs'}]"
7300,"[{'alias': 'indonesian', 'title': 'Indonesian'}, {'alias': 'bars', 'title': 'Bars'}]"
7302,"[{'alias': 'sushi', 'title': 'Sushi Bars'}]"
7303,"[{'alias': 'sandwiches', 'title': 'Sandwiches'}]"
7305,"[{'alias': 'coffee', 'title': 'Coffee & Tea'}]"
7307,"[{'alias': 'mideastern', 'title': 'Middle Eastern'}, {'alias': 'diners', 'title': 'Diners'}, {'alias': 'breakfast_brunch', 'title': 'Breakfast & Brunch'}]"
7309,"[{'alias': 'coffee', 'title': 'Coffee & Tea'}, {'alias': 'desserts', 'title': 'Desserts'}, {'alias': 'bakeries', 'title': 'Bakeries'}]"
7315,"[{'alias': 'icecream', 'title': 'Ice Cream & Frozen Yogurt'}, {'alias': 'cafes', 'title': 'Cafes'}, {'alias': 'comfortfood', 'title': 'Comfort Food'}]"
7318,"[{'alias': 'thai', 'title': 'Thai'}]"
7324,"[{'alias': 'chicken_wings', 'title': 'Chicken Wings'}]"
7325,"[{'alias': 'indpak', 'title': 'Indian'}]"
7328,"[{'alias': 'yelpevents', 'title': 'Yelp Events'}]"
7331,"[{'alias': 'coffee', 'title': 'Coffee & Tea'}]"
7337,"[{'alias': 'french', 'title': 'French'}]"
7340,"[{'alias': 'seafood', 'title': 'Seafood'}]"
7341,"[{'alias': 'mexican', 'title': 'Mexican'}]"
7342,"[{'alias': 'coffee', 'title': 'Coffee & Tea'}, {'alias': 'breakfast_brunch', 'title': 'Breakfast & Brunch'}, {'alias': 'sandwiches', 'title': 'Sandwiches'}]"
7345,"[{'alias': 'creperies', 'title': 'Creperies'}, {'alias': 'delis', 'title': 'Delis'}]"
7349,"[{'alias': 'pizza', 'title': 'Pizza'}, {'alias': 'italian', 'title': 'Italian'}]"
7355,"[{'alias': 'cafes', 'title': 'Cafes'}, {'alias': 'italian', 'title': 'Italian'}]"
7358,"[{'alias': 'gastropubs', 'title': 'Gastropubs'}]"
7360,"[{'alias': 'icecream', 'title': 'Ice Cream & Frozen Yogurt'}, {'alias': 'coffee', 'title': 'Coffee & Tea'}]"
7363,"[{'alias': 'tradamerican', 'title': 'American (Traditional)'}, {'alias': 'sandwiches', 'title': 'Sandwiches'}, {'alias': 'pubs', 'title': 'Pubs'}]"
7365,"[{'alias': 'mexican', 'title': 'Mexican'}, {'alias': 'hotdogs', 'title': 'Fast Food'}]"
7366,"[{'alias': 'bakeries', 'title': 'Bakeries'}, {'alias': 'french', 'title': 'French'}, {'alias': 'mediterranean', 'title': 'Mediterranean'}]"
7369,"[{'alias': 'tapas', 'title': 'Tapas Bars'}, {'alias': 'wine_bars', 'title': 'Wine Bars'}]"
7373,"[{'alias': 'asianfusion', 'title': 'Asian Fusion'}, {'alias': 'gluten_free', 'title': 'Gluten-Free'}]"
7378,"[{'alias': 'italian', 'title': 'Italian'}]"
7381,"[{'alias': 'sushi', 'title': 'Sushi Bars'}]"
7382,"[{'alias': 'pizza', 'title': 'Pizza'}]"
7388,"[{'alias': 'french', 'title': 'French'}]"
7391,"[{'alias': 'italian', 'title': 'Italian'}]"
7396,"[{'alias': 'musicvenues', 'title': 'Music Venues'}, {'alias': 'pubs', 'title': 'Pubs'}, {'alias': 'sandwiches', 'title': 'Sandwiches'}]"
7397,"[{'alias': 'seafood', 'title': 'Seafood'}, {'alias': 'cajun', 'title': 'Cajun/Creole'}, {'alias': 'asianfusion', 'title': 'Asian Fusion'}]"
7406,"[{'alias': 'diners', 'title': 'Diners'}]"
7408,"[{'alias': 'japanese', 'title': 'Japanese'}, {'alias': 'sushi', 'title': 'Sushi Bars'}, {'alias': 'asianfusion', 'title': 'Asian Fusion'}]"
7410,"[{'alias': 'gastropubs', 'title': 'Gastropubs'}]"
7423,"[{'alias': 'catering', 'title': 'Caterers'}, {'alias': 'delis', 'title': 'Delis'}, {'alias': 'sandwiches', 'title': 'Sandwiches'}]"
7438,"[{'alias': 'chinese', 'title': 'Chinese'}]"
7442,"[{'alias': 'newcanadian', 'title': 'Canadian (New)'}, {'alias': 'seafood', 'title': 'Seafood'}]"
7450,"[{'alias': 'cocktailbars', 'title': 'Cocktail Bars'}, {'alias': 'indonesian', 'title': 'Indonesian'}]"
7460,"[{'alias': 'coffee', 'title': 'Coffee & Tea'}]"
7461,"[{'alias': 'mideastern', 'title': 'Middle Eastern'}, {'alias': 'mediterranean', 'title': 'Mediterranean'}, {'alias': 'buffets', 'title': 'Buffets'}]"
7466,"[{'alias': 'japanese', 'title': 'Japanese'}]"
7471,"[{'alias': 'korean', 'title': 'Korean'}]"
7472,"[{'alias': 'sushi', 'title': 'Sushi Bars'}]"
7481,"[{'alias': 'coffee', 'title': 'Coffee & Tea'}, {'alias': 'breakfast_brunch', 'title': 'Breakfast & Brunch'}, {'alias': 'sandwiches', 'title': 'Sandwiches'}]"
7484,"[{'alias': 'diners', 'title': 'Diners'}, {'alias': 'delis', 'title': 'Delis'}, {'alias': 'sandwiches', 'title': 'Sandwiches'}]"
7489,"[{'alias': 'coffee', 'title': 'Coffee & Tea'}]"
7493,"[{'alias': 'japanese', 'title': 'Japanese'}, {'alias': 'sushi', 'title': 'Sushi Bars'}, {'alias': 'thai', 'title': 'Thai'}]"
7495,"[{'alias': 'tradamerican', 'title': 'American (Traditional)'}]"
7498,"[{'alias': 'hotdogs', 'title': 'Fast Food'}, {'alias': 'burgers', 'title': 'Burgers'}]"
7501,"[{'alias': 'chinese', 'title': 'Chinese'}]"
7503,"[{'alias': 'mideastern', 'title': 'Middle Eastern'}]"
7505,"[{'alias': 'japanese', 'title': 'Japanese'}, {'alias': 'sushi', 'title': 'Sushi Bars'}]"
7507,"[{'alias': 'hotdogs', 'title': 'Fast Food'}]"
7518,"[{'alias': 'pizza', 'title': 'Pizza'}, {'alias': 'italian', 'title': 'Italian'}, {'alias': 'chicken_wings', 'title': 'Chicken Wings'}]"
7528,"[{'alias': 'mediterranean', 'title': 'Mediterranean'}, {'alias': 'hotdogs', 'title': 'Fast Food'}]"
7538,"[{'alias': 'coffee', 'title': 'Coffee & Tea'}, {'alias': 'sandwiches', 'title': 'Sandwiches'}]"
7546,"[{'alias': 'chinese', 'title': 'Chinese'}]"
7561,"[{'alias': 'coffee', 'title': 'Coffee & Tea'}]"
7562,"[{'alias': 'hawaiian', 'title': 'Hawaiian'}, {'alias': 'seafood', 'title': 'Seafood'}, {'alias': 'poke', 'title': 'Poke'}]"
7607,"[{'alias': 'mideastern', 'title': 'Middle Eastern'}, {'alias': 'persian', 'title': 'Persian/Iranian'}, {'alias': 'halal', 'title': 'Halal'}]"
7608,"[{'alias': 'korean', 'title': 'Korean'}]"
7734,"[{'alias': 'greek', 'title': 'Greek'}, {'alias': 'mediterranean', 'title': 'Mediterranean'}]"
7806,"[{'alias': 'chinese', 'title': 'Chinese'}, {'alias': 'seafood', 'title': 'Seafood'}, {'alias': 'bbq', 'title': 'Barbeque'}]"
7817,"[{'alias': 'newcanadian', 'title': 'Canadian (New)'}]"
7828,"[{'alias': 'steak', 'title': 'Steakhouses'}, {'alias': 'desserts', 'title': 'Desserts'}, {'alias': 'cocktailbars', 'title': 'Cocktail Bars'}]"
7839,"[{'alias': 'pubs', 'title': 'Pubs'}]"
7872,"[{'alias': 'coffee', 'title': 'Coffee & Tea'}]"
